{
  "comment": "Mapeo completo de normalización de nombres de equipos rivales de Sporting Cristal",
  "description": "Este archivo mapea todas las variaciones de nombres de equipos a sus nombres normalizados",
  "normalization": {
    "A.D.T.": "A.D.T.",
    "Academia Cantolao": "Academia Cantolao",
    "Académia Cantolao": "Academia Cantolao",
    
    "Alianza Atl.": "Alianza Atlético",
    "Alianza Atletico": "Alianza Atlético",
    "Alianza Atlétic": "Alianza Atlético",
    "Alianza Atlético": "Alianza Atlético",
    "Alianza Atlético Sullana": "Alianza Atlético",
    "Alianza Lima": "Alianza Lima",
    "Alianza Unicachi": "Alianza Unicachi",
    "Alianza Universidad": "Alianza Universidad",
    
    "Always Ready": "Always Ready",
    
    "América": "América",
    "América de Cali": "América de Cali",
    
    "Arsenal de Sarandí": "Arsenal de Sarandí",
    
    "Atl. Colegiales": "Atl. Colegiales",
    "Atlético Grau": "Atlético Grau",
    "Atlético Minero": "Atlético Minero",
    "Atlético Nacional": "Atlético Nacional",
    "Atlético Paranaense": "Atlético Paranaense",
    "Atlético Universidad": "Atlético Universidad",
    
    "Ayacucho FC": "Ayacucho FC",
    
    "Barcelona": "Barcelona",
    "Boca Juniors": "Boca Juniors",
    
    "Bolognesi": "Coronel Bolognesi",
    "Bolognesi FC": "Coronel Bolognesi",
    "Coronel Bolognesi": "Coronel Bolognesi",
    
    "Bolívar": "Bolívar",
    
    "C.N.I.": "C.N.I.",
    "CNI": "C.N.I.",
    
    "Carlos A. Mannucci": "Carlos A. Mannucci",
    
    "Cerro Porteño": "Cerro Porteño",
    
    "Cienciano": "Cienciano",
    "Cienciano (Cusco)": "Cienciano",
    
    "Club Nacional": "Club Nacional",
    
    "Cobresol FBC": "Cobresol FBC",
    
    "Comerciantes Unidos": "Comerciantes Unidos",
    "Comerciantes Unidos (Cutervo)": "Comerciantes Unidos",
    
    "Coopsol": "Deportivo Coopsol",
    "Coopsol Trujillo": "Deportivo Coopsol",
    
    "Coritiba FC": "Coritiba FC",
    
    "Cruzeiro": "Cruzeiro",
    
    "Cusco FC": "Cusco FC",
    
    "César Vallejo": "Universidad César Vallejo",
    "Univ. Cesar Vallejo": "Universidad César Vallejo",
    "Univ. César Vallejo": "Universidad César Vallejo",
    "Univ.Cesar Vallejo": "Universidad César Vallejo",
    "Universidad César Vallejo": "Universidad César Vallejo",
    
    "Defensor La Bocana": "Defensor La Bocana",
    
    "Dep. Llacuabamba": "Deportivo Llacuabamba",
    "Dep. Los Chankas": "Club Deportivo Los Chankas",
    "Dep. Los Chankas (Andahuaylas)": "Club Deportivo Los Chankas",
    
    "Dep. Municipal": "Centro Deportivo Municipal",
    "Deportivo Municipal": "Centro Deportivo Municipal",
    
    "Deportivo Cuenca": "Deportivo Cuenca",
    "Deportivo Garcilaso": "Deportivo Garcilaso",
    "Deportivo Garcilaso (Cusco)": "Deportivo Garcilaso",
    "Deportivo Táchira": "Deportivo Táchira",
    "Deportivo U.P.A.O.": "U.P.A.O.",
    "Deportivo Wanka": "Deportivo Wanka",
    
    "EMD Binacional": "EMD Binacional",
    "EMD Binacional (Juliaca)": "EMD Binacional",
    
    "Emelec": "Emelec",
    
   
    "Estudiantes de La Plata": "Estudiantes de La Plata",
    "Estudiantes de Medicina": "Estudiantes de Medicina",
    "Grau Estudiantes": "Grau Estudiantes",
    
    "FBC Melgar": "FBC Melgar",
    "FBC Melgar (Arequipa)": "FBC Melgar",
    "Melgar": "FBC Melgar",
    
    "FC Carlos Stein": "FC Carlos Stein",
    
    "Flamengo": "Flamengo",
    
    "Fluminense FC": "Fluminense FC",
    
    "Godoy Cruz": "Godoy Cruz",
    
    "Guaraní": "Guaraní",
    
    "Huracán": "Huracán",
    
    "Indep. Santa Fe": "Independiente Santa Fe",
    
    "Inti Gas": "Inti Gas Deportes",
    "Inti Gas Deportes": "Inti Gas Deportes",
    
    "Jose Galvez FBC": "José Gálvez FBC",
    "José Gálvez": "José Gálvez FBC",
    "José Gálvez FBC": "José Gálvez FBC",
    
    "Juan Aurich": "Juan Aurich",
    "Juan Pablo II": "Juan Pablo II",
    "Juan Pablo II Collage (Chongoyape)": "Juan Pablo II",
    
    "Kansas City Wizards": "Kansas City Wizards",
    
    "Lanús": "Lanús",
    
    "Leon de Huanuco": "León de Huánuco",
    "León de Huánuco": "León de Huánuco",
    
    "Libertad": "Libertad",
    
    "Los Caimanes": "Los Caimanes",
    
    "Morelia": "Morelia",
    
    "Nacional": "Club Nacional",
    
    "Olimpia": "Olimpia",
    
    "Oriente Petrolero": "Oriente Petrolero",
    
    "Pachuca": "Pachuca CF",
    "Pachuca CF": "Pachuca CF",
    
    "Pacifico FC": "Pacifico FC",
    
    "Palmeiras": "Palmeiras",
    
    "Paysandu": "Paysandu",
    
    "Peñarol": "Peñarol",
    
    "Pirata FC": "Pirata FC",
    
    "Racing Club": "Racing Club",
    
    "Real Garcilaso": "Real Garcilaso",
    
    "Rentistas": "Rentistas",
    
    "River Plate": "River Plate",
    
    "Rosario Central": "Rosario Central",
    
    "San Martín": "Universidad San Martín de Porres",
    "Univ. San Martín": "Universidad San Martín de Porres",
    "Univ. San Martín de P.": "Universidad San Martín de Porres",
    "Univ.San Martin de P.": "Universidad San Martín de Porres",
    "Universidad San Martín": "Universidad San Martín de Porres",
    "Universidad San Martín de Porres": "Universidad San Martín de Porres",
    
    "San Simón": "San Simón",
    
    "Santos Laguna": "Santos Laguna",
    
    "Sport Boys": "Sport Boys",
    "Sport Boys (Callao)": "Sport Boys",
    
    "Sport Huancayo": "Sport Huancayo",
    
    "Sport Loreto": "Sport Loreto",
    
    "Sport Rosario": "Sport Rosario",
    
    "Sport Áncash": "Sport Áncash",
    
    "São Paulo": "São Paulo",
    
    "Talleres": "Talleres",
    
    "The Strongest": "The Strongest",
    
    "Tigre": "Tigre",
    
    "Total Chalaco": "Total Chalaco",
    
    "Total Clean": "Total Clean",
    
    "U.P.A.O.": "U.P.A.O.",
    
    "U.T.C.": "U.T.C.",
    "Universidad Técnica de Cajamarca": "U.T.C.",
    
    "Union Comercio": "Unión Comercio",
    "Unión Comercio": "Unión Comercio",
    
    "Univ. Católica": "Univ. Católica",
    "Univ. de Concepción": "Univ. de Concepción",
    
    "Universitario": "Universitario",
    "Universitario de Deportes (Lima)": "Universitario",
    
    "Unión Española": "Unión Española",
    
    "Unión Huaral": "Unión Huaral",
    
    "Unión Minas": "Unión Minas",
    
    "Vélez Sarsfield": "Vélez Sarsfield",
    
    "Wanka": "Deportivo Wanka",
    
    "Zulia FC": "Zulia FC"
  },
  "notes": [
    "Este archivo debe ser revisado y ajustado manualmente según las preferencias de normalización",
    "Algunos equipos pueden tener múltiples variaciones que necesitan ser consolidadas",
    "Los nombres normalizados deben ser consistentes en todos los archivos JSON"
  ]
}

