{
  "comment": "Mapeo de nombres de equipos a nombres normalizados",
  "normalization": {
    "A.D.T.": "A.D.T.",
    "Academia Cantolao": "Academia Cantolao",
    "Académia Cantolao": "Académia Cantolao",
    "Alianza Atl.": "Alianza Atl.",
    "Alianza Atletico": "Alianza Atletico",
    "Alianza Atlétic": "Alianza Atlétic",
    "Alianza Atlético": "Alianza Atlétic",
    "Alianza Lima": "Alianza Lima",
    "Alianza Unicachi": "Alianza Unicachi",
    "Alianza Universidad": "Alianza Universidad",
    "Always Ready": "Always Ready",
    "América": "América",
    "América de Cali": "América",
    "Arsenal de Sarandí": "Arsenal de Sarandí",
    "Atl. Colegiales": "Atl. Colegiales",
    "Atlético Grau": "Atlético Grau",
    "Atlético Minero": "Atlético Minero",
    "Atlético Nacional": "Nacional",
    "Nacional": "Nacional",
    "Atlético Paranaense": "Atlético Paranaense",
    "Atlético Universidad": "Atlético Universidad",
    "Ayacucho FC": "Ayacucho FC",
    "Barcelona": "Barcelona",
    "Boca Juniors": "Boca Juniors",
    "Bolognesi": "Bolognesi",
    "Bolognesi FC": "Bolognesi",
    "Coronel Bolognesi": "Bolognesi",
    "Bolívar": "Bolívar",
    "C.N.I.": "C.N.I.",
    "CNI": "CNI",
    "Carlos A. Mannucci": "Carlos A. Mannucci",
    "Cerro Porteño": "Cerro Porteño",
    "Cienciano": "Cienciano",
    "Club Nacional": "Nacional",
    "Cobresol FBC": "Cobresol FBC",
    "Comerciantes Unidos": "Comerciantes Unidos",
    "Coopsol": "Coopsol",
    "Coopsol Trujillo": "Coopsol",
    "Coritiba FC": "Coritiba FC",
    "Cruzeiro": "Cruzeiro",
    "Cusco FC": "Cusco FC",
    "César Vallejo": "César Vallejo",
    "Univ. César Vallejo": "César Vallejo",
    "Universidad César Vallejo": "César Vallejo",
    "Defensor La Bocana": "Defensor La Bocana",
    "Dep. Llacuabamba": "Dep. Llacuabamba",
    "Dep. Los Chankas": "Dep. Los Chankas",
    "Dep. Municipal": "Dep. Municipal",
    "Deportivo Cuenca": "Deportivo Cuenca",
    "Deportivo Garcilaso": "Deportivo Garcilaso",
    "Deportivo Municipal": "Deportivo Municipal",
    "Deportivo Táchira": "Deportivo Táchira",
    "Deportivo U.P.A.O.": "U.P.A.O.",
    "U.P.A.O.": "U.P.A.O.",
    "Deportivo Wanka": "Wanka",
    "Wanka": "Wanka",
    "EMD Binacional": "EMD Binacional",
    "Emelec": "Emelec",
    "Estudiantes": "Estudiantes",
    "Estudiantes de Medicina": "Estudiantes",
    "Grau Estudiantes": "Estudiantes",
    "FBC Melgar": "Melgar",
    "Melgar": "Melgar",
    "FC Carlos Stein": "FC Carlos Stein",
    "Flamengo": "Flamengo",
    "Fluminense FC": "Fluminense FC",
    "Godoy Cruz": "Godoy Cruz",
    "Guaraní": "Guaraní",
    "Huracán": "Huracán",
    "Indep. Santa Fe": "Indep. Santa Fe",
    "Inti Gas": "Inti Gas",
    "Inti Gas Deportes": "Inti Gas",
    "Jose Galvez FBC": "Jose Galvez FBC",
    "José Gálvez": "José Gálvez",
    "José Gálvez FBC": "José Gálvez",
    "Juan Aurich": "Juan Aurich",
    "Juan Pablo II": "Juan Pablo II",
    "Kansas City Wizards": "Kansas City Wizards",
    "Lanús": "Lanús",
    "Leon de Huanuco": "Leon de Huanuco",
    "León de Huánuco": "León de Huánuco",
    "Libertad": "Libertad",
    "Los Caimanes": "Los Caimanes",
    "Morelia": "Morelia",
    "Olimpia": "Olimpia",
    "Oriente Petrolero": "Oriente Petrolero",
    "Pachuca": "Pachuca",
    "Pachuca CF": "Pachuca",
    "Pacifico FC": "Pacifico FC",
    "Palmeiras": "Palmeiras",
    "Paysandu": "Paysandu",
    "Peñarol": "Peñarol",
    "Pirata FC": "Pirata FC",
    "Racing Club": "Racing Club",
    "Real Garcilaso": "Real Garcilaso",
    "Rentistas": "Rentistas",
    "River Plate": "River Plate",
    "Rosario Central": "Rosario Central",
    "San Martín": "San Martín",
    "Univ. San Martín": "San Martín",
    "Univ. San Martín de P.": "San Martín",
    "Universidad San Martín": "San Martín",
    "Universidad San Martín de Porres": "San Martín",
    "San Simón": "San Simón",
    "Santos": "Santos",
    "Santos Laguna": "Santos",
    "Sport Boys": "Sport Boys",
    "Sport Huancayo": "Sport Huancayo",
    "Sport Loreto": "Sport Loreto",
    "Sport Rosario": "Sport Rosario",
    "Sport Áncash": "Sport Áncash",
    "São Paulo": "São Paulo",
    "Talleres": "Talleres",
    "The Strongest": "The Strongest",
    "Tigre": "Tigre",
    "Total Chalaco": "Total Chalaco",
    "Total Clean": "Total Clean",
    "U.T.C.": "U.T.C.",
    "Union Comercio": "Union Comercio",
    "Univ. Católica": "Univ. Católica",
    "Univ. Cesar Vallejo": "César Vallejo",
    "Univ. de Concepción": "Univ. de Concepción",
    "Univ.Cesar Vallejo": "Univ.Cesar Vallejo",
    "Univ.San Martin de P.": "Univ.San Martin de P.",
    "Universitario": "Universitario",
    "Unión Comercio": "Unión Comercio",
    "Unión Española": "Unión Española",
    "Unión Huaral": "Unión Huaral",
    "Unión Minas": "Unión Minas",
    "Vélez Sarsfield": "Vélez Sarsfield",
    "Zulia FC": "Zulia FC"
  }
}